{
  "en": {

    "//1": "index.html",

    "AboutQuestion6": "Clearing Cache Tutorial",
    "PanicLabel": "About Panic Mode",
    "AboutDisclaimer": "Disclaimer: I do not take responsibility for any punishments caused by cheating using this tool. This tool was mainly made for entertainment purposes.",
    "DisableTimer": "Disable Question Timer",
    "DisableTimer2": "The <code>Disable Question Timer</code> setting allows you to answer a challenge question without worrying about the timer.",
    "DisableTimer3": "This has <b>NO EFFECT</b> on <b>LIVE GAMES</b>",
    "ReZero": "Re:Zero",
    "FRANXX": "Darling in the FRANXX",
    "EnableStreak": "Enable Streak Points",
    "EnableStreak2": "The <code>Enable Streak Points</code> setting enables answer streak points for challenge games.",
    "EnableStreak3": "By default, it is disabled, meaning that you would get the normal 1000 points for a quick correct answer. When enabled, a second question correct adds an additional 100 points, and so on, capping at 500. This has <b>NO EFFECT</b> on live quizzes.",
    "CurrentGuess": "Current Guess",
    "TeamTalk": "Skip Team Talk",
    "TeamTalk1": "The <code>Skip Team Talk</code> option allows you to answer during team talk.",
    "Search": "Search",
    "Game": "Game",
    "Challenge": "Challenge",
    "SearchOpts": "Search Options",
    "QuizAuthora": "Quiz Author",
    "QuizAuthor2": "The <code>Quiz Author</code> setting helps the server find the quiz by providing the creator of the quiz.",
    "QuizAuthor3": "If you know the quiz author, putting their name here helps greatly.",
    "QuizID": "Quiz UUID",
    "QuizID1": "The <code>Quiz UUID</code> setting specifies the quiz you are playing.",
    "QuizID2": "If you know the exact URL or id of the quiz, you can use that here to tell the server which quiz to use.",
    "QuizID3": "For example, for the url",
    "QuizID4": "you would input",
    "QuizSearch": "Quiz Search",
    "QuizSearch1": "Put your search below and press 'Enter' or 'Return'.",
    "QuizSearch2": "Enter Search Term and press 'Enter'",
    "SearchTerm": "Search Term",
    "SearchTerm1": "The <code>Search Term</code> setting specifies the search term used to find the quiz.",
    "SearchTerm2": "This is now used as of 2.17.0+ to find the quiz and is required if you want to use this to cheat.",
    "GameOpts": "Game Options",
    "AnswerTimeout": "Answer Timeout",
    "SubSetting": "Sub Settings",
    "AnswerTimeout1": "By using these settings, you will overwrite your timeout setting.",
    "AnswerTimeout2": "Points/Question",
    "AnswerTimeout3": "This sets the timeout each question based on the time left (excluding answer streak).",
    "AnswerTimeout4": "Custom Total Points",
    "AnswerTimeout5": "This sets the timeout for each question in order to get a specific total value.",
    "AnswerTimeout6": "This setting may not work as it uses a very simple formula that isn't perfect.",
    "AnswerTimeout7": "The <code>Answer Timeout</code> setting  allows you to delay answering the question for a specified amount of seconds.",
    "AnswerTimeout8": "Valid settings are",
    "AnswerTimeout9": "By setting a negative number, the answer timeout varies from that number by one second",
    "AnswerTimeout10": "To customize the variation, use a range:",
    "TeamMembers": "Team Members",
    "TeamMembers1": "The <code>Team Members</code> setting specifies the team member names used in team mode games.",
    "TeamMembers2": "Input team members split by a comma. Team members default to",
    "FailPurp": "Fail Purposely",
    "Off": "Off",
    "AskFail": "Ask to fail",
    "FailOne": "Fail Once",
    "Shortcut": "Shortcut:",
    "FailPurp1": "The <code>Fail Purposely</code> setting enables the server to randomly answer questions.",
    "FailPurp2": "Setting the option to <code>Ask to fail</code> will put a button at the bottom of the screen each question asking whether to fail the question or not. It will not fail the question if you do not choose to fail.",
    "On": "On",
    "On2": "On, wait for confirmation",
    "SearchLoose": "Search Loosely",
    "SearchLoose1": "The <code>Search Loosely</code> setting allows you to play quizzes that randomize the order of questions.",
    "SearchLoose2": "Before each question, you must input the question text and choose the question being used. The selected question will be used when the question starts.",
    "SearchLoose3": "If the question starts too quickly, you can use <code>On, wait for confirmation</code> to input the question and then when ready, press the \"Ready\" button.",
    "SearchLoose4": "Questions are filtered out based on the previous answers and the type of question to help you find the correct question faster.",
    "Bypass2FA": "Bypass 2FA",
    "Bypass2FA1": "The <code>Bypass 2FA</code> setting allows you to join games with two-factor authentification without inputting the 4 pattern code.",
    "Bypass2FA2": "It may take a few seconds to enter the game when two factor is enabled.",
    "Bypass2FA3": "When this is disabled, you will be sent to a screen to enter in the two factor pattern yourself.",
    "ManualControl1": "The <code>Manual Control</code> setting allows you to answer questions for the server.",
    "ManualControl2": "This allows you to have control over failing, timing, etc. You should use this setting if you notice that the server cannot find your quiz. That way, you can answer the question normally instead of randomly guessing.",
    "PreviewQuestion1": "The <code>Preview Question</code> setting allows you to view the question and answers before the question starts.",
    "PreviewQuestion2": "Other settings, like <code>Search Loosely</code> may override this setting. Also, when <code>Hide Correct</code> is enabled, the answers will not be shown.",
    "HideCorrect1": "The <code>Hide Correct</code> setting hides the correct answers, making the page look more like Kahoot!",
    "HideCorrect2": "This setting affects <code>Preview Question</code>. You would only use this if you want to hide that you are using Kahoot Winner or if you prefer this site's UI more than Kahoot's.",
    "HideCorrect3": "This setting is also enabled when your enter <b>Panic Mode</b>. To enable panic mode,<span class=\"mobihide\"> do <code>ctrl + j</code> or</span> double-click the settings gear button.",
    "HideCorrect4": "Panic Mode hides the settings menu, enables <code>Manual Control</code> and <code>Hide Correct</code>.",
    "ChallengeOpts": "Challenge Options",
    "Points": "Points",
    "Points1": "The <code>Points</code> setting specifies the amount of points per correct answer on Kahoot <strong>Challenges</strong>. It has <b>NO AFFECT</b> on <b>LIVE GAMES</b>",
    "Points2": "From testing, the maximum working value is <code>1,500</code>. Any higher numbers break and result in <code>0</code> on the challenge host's results.",
    "AlwaysCorrect": "Challenge Always Correct",
    "AlwaysCorrect1": "The <code>Challenge Always Correct</code> setting is an optional setting that forces Kahoot <strong>Challenge</strong> questions to be correct, even if it is incorrect. This has <b>NO AFFECT</b> on <b>LIVE GAMES</b>",
    "AlwaysCorrect2": "By default, the bot will get all the challenge questions correct, so you don't need to use this, but you can confuse the host of the Kahoot Challenge by enabling this and manual control and choosing the wrong choice, but still getting full marks.",
    "DisableAuto": "Disable Autoplay",
    "DisableAuto1": "The <code>Disable Autoplay</code> setting allows you to wait after answering a Kahoot <strong>Challenge</strong> question. It has <b>NO AFFECT</b> on <b>LIVE GAMES</b>.",
    "DisableAuto2": "To continue to the next question, press the <b>Next</b> button.",
    "SaveNew": "Save New Preset",
    "Add": "Add",
    "Presets": "Presets",
    "AboutAnswer1a": "You did not input the quiz name or search term yet.",
    "AboutAnswer1b": "Please input the name in the input at the top or in the settings.",
    "AboutAnswer1c": "Kahoot recently removed the quiz name from being sent to the client, meaning that you need to find the quiz yourself.",
    "AboutAnswer1d": "The quiz is not public.",
    "AboutAnswer1e": "The quiz has randomized questions",
    "Description": "A hack for winning public Kahoot quizzes and challenges. Enter your PIN or Challenge URL, enter the name of the quiz, and go! The server will try to find the answers for you! One of the best and actively maintained Kahoot bots online, working 2020!",
    "Description2": "Win all your Kahoot games!",
    "Description3": "A Kahoot WINNING website, made by theusaf. It's intention is to let users win games without ruining the fun for others!",
    "Title": "Kahoot Winner | A Bot made by @theusaf",
    "ChallengeNext": "Next",
    "AboutTitle": "About this website",
    "AboutDescription1": "This website is a kahoot bot/\"hack\" made for the purpose of simply winning the game. It summons a single bot into your game, which uses complex \"hacks\" to find the game you are playing and answers for you. You can use the menu (esc) to set more options to help it find the quiz! I am also pretty sure that it is working currently as of November 2020.",
    "AboutDescription2": "User theusaf created this website so that he could easily find the answers to quizzes and win.",
    "AboutDescription3": "As time went on, this site got a bunch of features, including random names, improved searching of quizzes and even answering for other players (This feature has been patched by Kahoot).",
    "AboutDescription4": "This website is great because you don't ruin a game by spamming it with hundreds of bots, but instead send a single, OP bot to claim victory. It also works on Kahoot challenges. The website is run by Heroku, so it is unlikely to go down as well. I also maintain my programs actively, so if there are issues, it can be solved quickly.",
    "AboutDescription5": "This website also supports playing Kahoot Challenges. Just input the pin or url of the challenge and win!",
    "AboutHeader1": "Why use this website?",
    "AboutQuestion1": "Hey! It's not finding the quiz!",
    "AboutAnswer1": "There are many reasons why it might not find the quiz:",
    "AboutQuestion2": "It isn't working/connecting.",
    "AboutAnswer2": "This website has been getting lots of traffic, so Kahoot can detect this as a bot when too many quizzes are joined.",
    "AboutAnswer2a": "If you are on a desktop or laptop, you can download our web/electron application and run it on your own computer.",
    "AboutAnswer2b": "If you are on mobile, sorry.",
    "AboutQuestion3": "What can I use as the pin?",
    "AboutAnswer3": "There are various non-numerical pins you can use:",
    "AboutQuestion4": "List of options and usage",
    "AboutAnswer4": "This list has been removed in 2.19.0. Please use the (?) buttons next to each setting for detailed explanations.",
    "AboutQuestion5": "What is the small gear button next to some of the settings?",
    "AboutAnswer5": "The small gears in the settings are the 'sub-settings' which allows more control over the option and unlocks extra features.",
    "Tutorial": "Tutorial",
    "Donate": "Donate",

    "//2": "index.js",

    "ServerOverloaded": "The server is overloaded! Using new server:",
    "InvalidInput": "Invalid user input",
    "InvalidPIN": "Invalid PIN",
    "MaxIP": "Your IP address has too many sessions/tabs connected currently.",
    "MaxIP2": "Too many sessions. Please wait.",
    "ConnectFail": "Failed to connect",
    "InvalidName": "Invalid name.",
    "NoReconnect": "You can't do that yet; you haven't joined a game.",
    "EmptyName": "No quiz name has been provided. The server will not search until this information is provided.",
    "Handshake": "Connection to Kahoot's server was blocked.",
    "Handshake1": "Hmm, we seem to be having trouble on our end. Try <span class=\"mobihide\">downloading our app or </span>pressing the report button below!",
    "DownloadApp": "Download App",
    "IssueReported": "Issue has been reported.",
    "IssueReported2": "This button may decrease the amount of time to reset the server.",
    "IssueReported3": "Report Issues",
    "QuizEnd": "Quiz ended or kicked.",
    "Restored": "Restored Options!",
    "UpdateAvailable": "A new update is available.",
    "UpdateAvailable2": "Would you like to update now?",
    "UpdateAvailable3": "If this message keeps appearing, try hard refreshing your page or clearing your cache.",
    "Yes": "Yes",
    "NotYet": "Not Yet",
    "UpdateAvailable4": "Disable update notification",
    "UpdateAvailable5": "Please wait...",
    "UpdateAvailable6": "There was an error forcing an update. Please clear or reload the page cache manually.",

    "//3": "UI.js",

    "JoinSoon": "You'll be able to join soon",
    "InvalidUUID": "The Quiz ID Provided is invalid or belongs to a private quiz",
    "TypeQuiz": "Quiz",
    "TypeOpenEnded": "Type Answer",
    "TypeSurvey": "Poll",
    "TypeJumble": "Puzzle",
    "TypeWordCloud": "Word Cloud",
    "TypeTrueFalse": "True or False",
    "TypeContent": "Slide",
    "TypeBrainstorm": "Brainstorm",
    "DidWellShareWithFriends": "Enjoyed Kahoot Winner?🔥Share this website with your friends and win more Kahoot!s",
    "ActualGame": "Kahoot Quiz",
    "GuessGame": "Guessed Quiz",
    "NoFind": "(Not found)",
    "Nickname": "Nickname",
    "GamePIN": "Game PIN",
    "OK": "OK, Go!",
    "Enter": "Enter",
    "GetRandom": "Get Random Name",
    "Trademark": "Kahoot! and the K! logo are trademarks of Kahoot! AS.",
    "Privacy": "Privacy",
    "Terms": "Terms",
    "Creator": "Creator",
    "API": "Kahoot API",
    "How": "How it Works",
    "Blog": "Blog",
    "AppDownload": "App Download",
    "LeavePrompt": "Are you sure you want to leave the page?",
    "YoureIn": "You're in!",
    "YoureIn2": "See your nickname on screen?",
    "EnterQuizName": "Enter Quiz Name",
    "Question": "Question",
    "Ready": "Ready...",
    "Of": "of",
    "Go": "Go!",
    "Set": "Set.",
    "Ready2": "Ready!",
    "Waiting": "Waiting...",
    "CorrectAnswers": "Correct Answers",
    "DoFail": "Do fail",
    "NoFail": "Don't Fail",
    "GetReady": "Get Ready!",
    "Loading": "Loading...",
    "Breather": "Look Up!",
    "Breather2": "No need to answer this time!",
    "Correct": "Correct",
    "Incorrect": "Incorrect",
    "YouIn": "You are in",
    "Place": "place",
    "KeepTrying": "Keep trying at it!",
    "AnswerStreak": "Answer Streak",
    "AnswerStreakLost": "Answer Streak Lost",
    "Top5": "Top 5!",
    "Almost": "Almost Had It!",
    "GG": "Good Game!",
    "RestoredPreset": "Restored preset",
    "Theme": "Theme",
    "Timeout": "Timeout",
    "Team": "Team",
    "Fail": "Fail",
    "Loose": "Loose",
    "Brute": "Brute",
    "Manual": "Manual",
    "Preview": "Preview",
    "ON": "ON",
    "OFF": "OFF",
    "Restore": "Restore",
    "Brute2FA": "Brute 2FA",
    "PurposelyFail": "Purposely Fail",
    "ManualControl": "Manual Control",
    "HideCorrect": "Hide Correct",
    "ChallengeCorrect": "Challenge Always Correct",
    "PreviewQuestion": "Preview Question",
    "ChallengeAuto": "Challenge Autoplay",
    "LooseSearch": "Loose Searching",
    "NoResult": "No Results.",
    "QuizTitle": "Quiz Title",
    "QuizAuthor": "Quiz Creator",
    "NumQuestion": "# of Questions",
    "GameOver": "Game Over",
    "TimeUp": "Time's Up",
    "WeBelieve": "We believe in you!",
    "TeamTalka": "Team Talk",
    "Discuss": "Discuss the answer!",
    "HowRate": "How do you rate this kahoot?",
    "HowFeel": "To continue, tell us how you feel",
    "DidLearn": "Did you learn something?",
    "DoRecommend": "Do you recommend it?",

    "//4": "tutorial.js",

    "Tut1": "Hey there! Looks like you are new here. Would you like a tutorial?",
    "Tut2": "Note: Do not actually do any actions in this tutorial. Just press \"Next\" and \"Done\".",
    "Tut2a": "Joining a game: PIN",
    "Tut2b": "To join the game, first input the game pin.",
    "Tut2c": "Valid game pins include:",
    "Tut2d": "Live Game Pins",
    "Tut2e": "Challenge Game Pins",
    "Tut2f": "Challenge Game Links",
    "Tut2g": "Special Challenge Games",
    "Tut3": "Joining a game: Name",
    "Tut3a": "Next, input a name. You can also press the \"Random Name\" button.",
    "Tut3b": "When you are ready, press \"OK, Go!\"",
    "Tut4": "In Game: Providing the Quiz Name",
    "Tut4a": "When you join the game, you may see the input above. This input is where you should place the quiz name, or quiz id into.",
    "Tut4b": "The quiz name does not need to be exact. If you know the general subject of the quiz, you can try putting that as the \"quiz name\"",
    "Tut4c": "How to get the quiz name/id:",
    "Tut4d": "The quiz name appears on the host's screen before the quiz is loaded (the launch page) and for a few seconds at the start of the quiz.",
    "Tut4e": "The quiz id is located in the url of the host's screen. It is the long string that follows",
    "Tut5": "In Game: Providing the Quiz Name",
    "Tut5a": "This input will continue to stay at the top until a quiz is found.",
    "Tut5b": "If you do not provide a quiz name or id, Kahoot Winner will use a large list of over 50,000 quizzes to try and find your quiz. This will likely only work on very popular quizzes.",
    "Tut6": "Answering: Basic Overview",
    "Tut6a": "By default, Kahoot Winner will just automatically answer the question using the best answer.",
    "Tut6b": "If you want to answer the question yourself, enable manual control in the settings.",
    "Tut7": "Answering: Information",
    "Tut7a": "As seen below, correct answers will have a rainbow border around it. Also, the text of each choice is listed above each option.",
    "Tut7b": "When the choice uses an image, the image will replace the shape.",
    "Tut8": "Settings: Search Options",
    "Tut8a": "Search options control how the server finds you quiz.",
    "Tut8b": "Quiz Author - Specifies the creator to filter for quizzes",
    "Tut8c": "Quiz UUID - Specifies the quiz id to use. You can also directly search for a quiz in the sub-settings area.",
    "Tut8d": "Search Term - Specifies the quiz name/keywords to search for quizzes",
    "Tut8e": "Current Guess - This button shows the current quiz Kahoot Winner is using. You can lock it in by pressing the lock.",
    "Tut9": "Settings: Game Options",
    "Tut9a": "Game options control how Kahoot Winner interacts with the game.",
    "Tut9b": "Answer Timeout - Delays the server's answer time allowing you to be less suspicious.",
    "Tut9c": "Team Members - Customizes your team members in team mode",
    "Tut9d": "Fail Purposely - Fails the question purposely",
    "Tut9e": "Search Loosely - Used when the question order is randomized. Requires user input to select the correct question.",
    "Tut9f": "Bypass 2FA - Used to skip the two-factor step if enabled",
    "Tut9g": "Manual Control - Allows you to answer questions instead of the server",
    "Tut9h": "Skip Team Talk - Allows you to answer during team talk time",
    "Tut9i": "Preview Question - Allows you to see the question/answers coming up",
    "Tut9j": "Hide Correct - Used to make Kahoot Winner look like regular Kahoot when answering.",
    "Tut10": "Settings: Challenge Options",
    "Tut10a": "Note: These options have no effect on <b>LIVE GAMES</b>",
    "Tut10b": "Points - Allows you to customize the amount of points/question in a challenge question.",
    "Tut10c": "Challenge Always Correct - Makes all your answers correct, even if you purposely set it incorrect.",
    "Tut10d": "Enable Streak Points - Uses streaks when calculating points",
    "Tut10e": "Disable Question Timer - You can wait while answering questions without worrying about the timer.",
    "Tut11": "Settings: More Info",
    "Tut11a": "If you need more explanations, open the settings and press the \"?\" next to each option.",
    "Tut12": "It's not working!",
    "Tut12a": "Usually when Kahoot Winner is not working, it is one of the following issues:",
    "Tut12b": "The quiz is private.",
    "Tut12c": "There is no workaround for this. Kahoot Winner will not work on private live games.",
    "Tut12d": "You did not provide the quiz name",
    "Tut12e": "While Kahoot Winner caches a lot of quizzes, there are a lot more that are not in the database. Provide the quiz name to ensure Kahoot Winner can be able to find it.",
    "Tut12f": "The quiz is not popular",
    "Tut12g": "If your quiz has a common name and is not popular, it may be too far down in the list of Kahoots for Kahoot Winner to find it.",
    "Tut12h": "The questions are randomized",
    "Tut12i": "If the questions are randomized, enable <code>Search Loosely</code> and type the question when it starts",
    "Tut12j": "The answers are randomized",
    "Tut12k": "If the answers are randomized, enable <code>Manual Control</code> and answer the question correctly.",
    "TutYes": "Yes please!",
    "TutClose": "If you ever need me again, click the tutorial button in the \\\\'about\\\\' section!",
    "TutNo": "No thank you.",
    "Done": "Done",
    "GotIt": "Got it.",
    "TutComplete": "Finished Tutorial! Way to go!",
    "Notice1": "Important notice",
    "Notice2": "Kahoot no longer sends the quiz name to the client.",
    "Notice3": "What does this mean?",
    "Notice4": "You now need to input the quiz name yourself. You may get lucky if the quiz is super popular, as we now store Kahoot quizzes that have been played in the database.",
    "Notice5": "You can put the quiz name at the input at the top:",

    "//5": "index.css",

    "Close": "Close",
    "Open": "Open"
  },
  "es": {

    "//1": "index.html",

    "AboutQuestion6": "Tutorial de limpieza de caché",
    "PanicLabel": "Acerca del modo de pánico",
    "AboutDisclaimer": "Descargo de responsabilidad: no me hago responsable de los castigos causados por hacer trampa con esta herramienta. Esta herramienta se creó principalmente con fines de entretenimiento.",
    "DisableTimer": "Desactivar el temporizador de preguntas",
    "DisableTimer2": "La configuración <code>Disable Question Timer</code> le permite responder una pregunta de seguridad sin preocuparse por el temporizador.",
    "DisableTimer3": "Esto <b>NO EFECTO</b> en <b>JUEGOS EN VIVO</b>",
    "ReZero": "Re:Cero",
    "FRANXX": "Querido en el FRANXX",
    "EnableStreak": "Habilitar puntos de racha",
    "EnableStreak2": "La configuración <code>Habilitar puntos de racha</code> habilita puntos de racha de respuestas para juegos de desafío.",
    "EnableStreak3": "De forma predeterminada, está deshabilitado, lo que significa que obtendría los 1000 puntos normales por una respuesta rápida y correcta. Cuando se habilita, una segunda pregunta correcta agrega 100 puntos adicionales, y así sucesivamente, con un límite de 500. Esto <b> NO TIENE EFECTO </b> en los cuestionarios en vivo.",
    "CurrentGuess": "Adivina actual",
    "TeamTalk": "Saltar charla de equipo",
    "TeamTalk1": "La opción <code>Saltar charla de equipo</code> le permite responder durante la conversación en equipo.",
    "Search": "Buscar",
    "Game": "Juego",
    "Challenge": "Desafío",
    "SearchOpts": "Opciones de búsqueda",
    "QuizAuthora": "Autor del cuestionario",
    "QuizAuthor2": "La configuración <code> Quiz Author </code> ayuda al servidor a encontrar la prueba proporcionando el creador de la prueba.",
    "QuizAuthor3": "Si conoce al autor del cuestionario, poner su nombre aquí es de gran ayuda.",
    "QuizID": "UUID de prueba",
    "QuizID1": "La configuración <code> UUID del cuestionario </code> especifica el cuestionario que está jugando.",
    "QuizID2": "Si conoce la URL exacta o la identificación de la prueba, puede usarla aquí para indicarle al servidor qué prueba utilizar.",
    "QuizID3": "Por ejemplo, para la URL",
    "QuizID4": "tú ingresarías",
    "QuizSearch": "Búsqueda de cuestionarios",
    "QuizSearch1": "Pon tu búsqueda a continuación y presiona 'Enter' o 'Return'.",
    "QuizSearch2": "Ingrese el término de búsqueda y presione 'Enter'",
    "SearchTerm": "Término de búsqueda",
    "SearchTerm1": "La configuración de <code> Término de búsqueda </code> especifica el término de búsqueda utilizado para encontrar la prueba.",
    "SearchTerm2": "Esto ahora se usa a partir de 2.17.0+ para encontrar el cuestionario y es obligatorio si desea usarlo para hacer trampa.",
    "GameOpts": "Opciones de juego",
    "AnswerTimeout": "Tiempo de espera de respuesta",
    "SubSetting": "Configuración secundaria",
    "AnswerTimeout1": "Al usar esta configuración, sobrescribirá su configuración de tiempo de espera.",
    "AnswerTimeout2": "Puntos / Pregunta",
    "AnswerTimeout3": "Esto establece el tiempo de espera de cada pregunta en función del tiempo restante (excluyendo la racha de respuestas).",
    "AnswerTimeout4": "Total de puntos personalizados",
    "AnswerTimeout5": "Esto establece el tiempo de espera para cada pregunta con el fin de obtener un valor total específico.",
    "AnswerTimeout6": "Es posible que esta configuración no funcione, ya que utiliza una fórmula muy simple que no es perfecta.",
    "AnswerTimeout7": "La configuración <code> Answer Timeout </code> le permite retrasar la respuesta a la pregunta durante una cantidad específica de segundos.",
    "AnswerTimeout8": "Los ajustes válidos son",
    "AnswerTimeout9": "Al establecer un número negativo, el tiempo de espera de respuesta varía de ese número en un segundo",
    "AnswerTimeout10": "Para personalizar la variación, use un rango:",
    "TeamMembers": "Miembros del equipo",
    "TeamMembers1": "La configuración <code> Team Members </code> especifica los nombres de los miembros del equipo que se utilizan en los juegos del modo de equipo.",
    "TeamMembers2": "Ingrese los miembros del equipo divididos por una coma. Los miembros del equipo tienen por defecto",
    "FailPurp": "Fallar a propósito",
    "Off": "Apagado",
    "AskFail": "Pedir fallar",
    "FailOne": "Fallar una vez",
    "Shortcut": "Atajo:",
    "FailPurp1": "La configuración <code> Fail Purposely </code> permite al servidor responder preguntas de forma aleatoria.",
    "FailPurp2": "Al configurar la opción en <code> Preguntar para fallar </code>, se colocará un botón en la parte inferior de la pantalla para cada pregunta que preguntará si se falla o no. No fallará la pregunta si no elige fallar.",
    "On": "Encendido",
    "On2": "Encendido, espera la confirmación",
    "SearchLoose": "Buscar libremente",
    "SearchLoose1": "La configuración <code> Buscar libremente </code> le permite jugar cuestionarios que aleatorizan el orden de las preguntas.",
    "SearchLoose2": "Antes de cada pregunta, debe ingresar el texto de la pregunta y elegir la pregunta que se está utilizando. La pregunta seleccionada se utilizará cuando comience la pregunta.",
    "SearchLoose3": "Si la pregunta comienza demasiado rápido, puede usar <code> Activado, esperar confirmación </code> para ingresar la pregunta y luego, cuando esté listo, presione el botón \"Listo\".",
    "SearchLoose4": "Las preguntas se filtran según las respuestas anteriores y el tipo de pregunta para ayudarlo a encontrar la pregunta correcta más rápido.",
    "Bypass2FA": "Omitir 2FA",
    "Bypass2FA1": "La configuración <code> Omitir 2FA </code> te permite unirte a juegos con autenticación de dos factores sin ingresar el código de 4 patrones.",
    "Bypass2FA2": "Puede que tarde unos segundos en entrar al juego cuando dos factores están habilitados.",
    "Bypass2FA3": "Cuando esto esté deshabilitado, se le enviará a una pantalla para ingresar el patrón de dos factores usted mismo.",
    "ManualControl1": "La configuración de <code> Control manual </code> le permite responder preguntas para el servidor.",
    "ManualControl2": "Esto le permite tener control sobre fallas, tiempos, etc. Debe usar esta configuración si nota que el servidor no puede encontrar su cuestionario. De esa manera, puede responder la pregunta normalmente en lugar de adivinar al azar.",
    "PreviewQuestion1": "La configuración <code> Vista previa de la pregunta </code> le permite ver la pregunta y las respuestas antes de que comience.",
    "PreviewQuestion2": "Otras configuraciones, como <code> Buscar libremente </code> pueden anular esta configuración. Además, cuando <code> Hide Correct </code> está habilitado, las respuestas no se mostrarán.",
    "HideCorrect1": "La configuración <code> Hide Correct </code> oculta las respuestas correctas, ¡haciendo que la página se parezca más a Kahoot!",
    "HideCorrect2": "Esta configuración afecta a <code> Pregunta de vista previa </code>. Solo usaría esto si desea ocultar que está usando Kahoot Winner o si prefiere la interfaz de usuario de este sitio más que la de Kahoot.",
    "HideCorrect3": "Esta configuración también se habilita cuando ingresa al <b> Modo de pánico </b>. Para habilitar el modo de pánico, <span class=\"mobihide\"> haga <code> ctrl + j </code> o </span> haga doble clic en el botón de configuración.",
    "HideCorrect4": "El modo de pánico oculta el menú de configuración, habilita <code> Control manual </code> y <code> Hide Correct </code>.",
    "ChallengeOpts": "Opciones de desafío",
    "Points": "Puntos",
    "Points1": "La configuración <code> Puntos </code> especifica la cantidad de puntos por respuesta correcta en los <strong> Desafíos </strong> de Kahoot. Tiene <b> NO AFECTAR </b> en <b> JUEGOS EN VIVO </b>",
    "Points2": "De las pruebas, el valor de trabajo máximo es <code> 1,500 </code>. Cualquier número más alto se rompe y da como resultado <code> 0 </code> en los resultados del host del desafío.",
    "AlwaysCorrect": "Desafío siempre correcto",
    "AlwaysCorrect1": "La configuración <code> Desafío siempre correcto </code> es una configuración opcional que obliga a que las preguntas del <strong> Desafío </strong> de Kahoot sean correctas, incluso si son incorrectas. Esto <b> NO AFECTA </b> a <b> JUEGOS EN VIVO </b>",
    "AlwaysCorrect2": "De forma predeterminada, el bot obtendrá todas las preguntas del desafío correctamente, por lo que no es necesario que use esto, pero puede confundir al anfitrión del Kahoot Challenge habilitando esto y el control manual y eligiendo la opción incorrecta, pero aún obteniendo la máxima puntuación .",
    "DisableAuto": "Desactivar reproducción automática",
    "DisableAuto1": "La configuración <code> Desactivar reproducción automática </code> te permite esperar después de responder una pregunta del <strong> desafío </strong> de Kahoot. Tiene <b> NO AFECTAR </b> en <b> JUEGOS EN VIVO </b>.",
    "DisableAuto2": "Para continuar con la siguiente pregunta, presione el botón <b> Siguiente </b>.",
    "SaveNew": "Guardar nuevo ajuste preestablecido",
    "Add": "Añadir",
    "Presets": "Preajustes",
    "AboutAnswer1a": "Aún no ingresó el nombre de la prueba o el término de búsqueda.",
    "AboutAnswer1b": "Ingrese el nombre en la entrada en la parte superior o en la configuración.",
    "AboutAnswer1c": "Recientemente, Kahoot eliminó el nombre de la prueba para que no se enviara al cliente, lo que significa que debe encontrar la prueba usted mismo.",
    "AboutAnswer1d": "El cuestionario no es público.",
    "AboutAnswer1e": "El cuestionario tiene preguntas aleatorias",
    "Description": "Un truco para ganar pruebas y desafíos públicos de Kahoot. Ingrese su PIN o URL de desafío, ingrese el nombre del cuestionario y ¡listo! ¡El servidor intentará encontrarle las respuestas! ¡Uno de los mejores y más activos bots de Kahoot en línea, funcionando en 2020!",
    "Description2": "¡Gana todos tus juegos de Kahoot!",
    "Description3": "Un sitio web GANADOR de Kahoot, creado por theusaf. ¡Su intención es permitir que los usuarios ganen juegos sin arruinar la diversión de los demás!",
    "Title": "Ganador de Kahoot | Un bot creado por @theusaf",
    "ChallengeNext": "Próximo",
    "AboutTitle": "Acerca de este sitio web",
    "AboutDescription1": "Este sitio web es un kahoot bot / \"hack \" creado con el propósito de simplemente ganar el juego. Convoca un solo bot a tu juego, que utiliza \"hacks \" complejos para encontrar el juego que estás jugando y las respuestas para ti. ¡Puede usar el menú (esc) para configurar más opciones para ayudarlo a encontrar el cuestionario! También estoy bastante seguro de que está funcionando actualmente a partir de noviembre de 2020.",
    "AboutDescription2": "El usuario theusaf creó este sitio web para poder encontrar fácilmente las respuestas a los cuestionarios y ganar.",
    "AboutDescription3": "Con el paso del tiempo, este sitio obtuvo un montón de funciones, incluidos nombres aleatorios, búsqueda mejorada de cuestionarios e incluso respuestas para otros jugadores (esta función ha sido parcheada por Kahoot).",
    "AboutDescription4": "Este sitio web es genial porque no arruinas un juego enviando spam con cientos de bots, sino que envías un solo bot OP para reclamar la victoria. También funciona en los desafíos de Kahoot. El sitio web está dirigido por Heroku, por lo que es poco probable que también se caiga. También mantengo mis programas activamente, por lo que si hay problemas, se pueden resolver rápidamente.",
    "AboutDescription5": "Este sitio web también es compatible con los desafíos de Kahoot. ¡Solo ingresa el pin o la URL del desafío y gana!",
    "AboutHeader1": "¿Por qué utilizar este sitio web?",
    "AboutQuestion1": "¡Oye! ¡No es encontrar el cuestionario!",
    "AboutAnswer1": "Hay muchas razones por las que es posible que no encuentre el cuestionario:",
    "AboutQuestion2": "No está funcionando / conectando.",
    "AboutAnswer2": "Este sitio web ha recibido mucho tráfico, por lo que Kahoot puede detectarlo como un bot cuando se unen demasiados cuestionarios.",
    "AboutAnswer2a": "Si está en una computadora de escritorio o portátil, puede descargar nuestra aplicación web / electron y ejecutarla en su propia computadora.",
    "AboutAnswer2b": "Si está en un dispositivo móvil, lo siento.",
    "AboutQuestion3": "¿Qué puedo usar como pin?",
    "AboutAnswer3": "Hay varios pines no numéricos que puede utilizar:",
    "AboutQuestion4": "Lista de opciones y uso",
    "AboutAnswer4": "Esta lista se eliminó en 2.19.0. Utilice los botones (?) Junto a cada ajuste para obtener explicaciones detalladas.",
    "AboutQuestion5": "¿Qué es el pequeño botón de engranaje junto a algunos de los ajustes?",
    "AboutAnswer5": "Los pequeños engranajes en la configuración son las 'sub-configuraciones' que permiten un mayor control sobre la opción y desbloquean funciones adicionales.",
    "Tutorial": "Tutorial",
    "Donate": "Donar",

    "//2": "index.js",

    "ServerOverloaded": "¡El servidor está sobrecargado! Usando un nuevo servidor:",
    "InvalidInput": "Entrada de usuario no válida",
    "InvalidPIN": "PIN inválido",
    "MaxIP": "Su dirección IP tiene demasiadas sesiones / pestañas conectadas actualmente.",
    "MaxIP2": "Demasiadas sesiones. Por favor espera.",
    "ConnectFail": "No se pudo conectar",
    "InvalidName": "Nombre inválido.",
    "NoReconnect": "No puedes hacer eso todavía; no te has unido a un juego.",
    "EmptyName": "No se ha proporcionado ningún nombre de prueba. El servidor no buscará hasta que se proporcione esta información.",
    "Handshake": "Se bloqueó la conexión al servidor de Kahoot.",
    "Handshake1": "Hmm, parece que estamos teniendo problemas por nuestra parte. Prueba <span class=\"mobihide\"> descargando nuestra aplicación o </span> presionando el botón de informe a continuación.",
    "DownloadApp": "Descargar aplicación",
    "IssueReported": "Se ha informado de un problema.",
    "IssueReported2": "Este botón puede reducir la cantidad de tiempo para restablecer el servidor.",
    "IssueReported3": "Informar problemas",
    "QuizEnd": "Prueba terminada o pateada.",
    "Restored": "¡Opciones restauradas!",
    "UpdateAvailable": "Hay una nueva actualización disponible.",
    "UpdateAvailable2": "¿Te gustaría actualizar ahora?",
    "UpdateAvailable3": "Si este mensaje sigue apareciendo, intente actualizar su página o borrar su caché.",
    "Yes": "Sí",
    "NotYet": "Aún no",
    "UpdateAvailable4": "Deshabilitar la notificación de actualización",
    "UpdateAvailable5": "Por favor espera...",
    "UpdateAvailable6": "Hubo un error al forzar una actualización. Borre o vuelva a cargar la caché de la página manualmente.",

    "//3": "UI.js",

    "JoinSoon": "Podrás unirte pronto",
    "InvalidUUID": "La ID de prueba proporcionada no es válida o pertenece a una prueba privada",
    "TypeQuiz": "Examen",
    "TypeOpenEnded": "Abierto",
    "TypeSurvey": "Encuesta",
    "TypeJumble": "Rompecabezas",
    "TypeWordCloud": "Nube de palabras",
    "TypeTrueFalse": "Verdadero o falso",
    "TypeContent": "Diapositivas",
    "TypeBrainstorm": "Idea genial",
    "DidWellShareWithFriends": "¿Disfrutaste de Kahoot Winner? 🔥 Comparte este sitio web con tus amigos y gana más Kahoot! S",
    "ActualGame": "Prueba de Kahoot",
    "GuessGame": "Prueba adivinada",
    "NoFind": "(Extraviado)",
    "Nickname": "Apodo",
    "GamePIN": "PIN del juego",
    "OK": "¡OK ve!",
    "Enter": "Entrar",
    "GetRandom": "Obtener nombre aleatorio",
    "Trademark": "¡Kahoot! y la K! logo son marcas registradas de Kahoot! AS.",
    "Privacy": "Privada",
    "Terms": "Condiciones",
    "Creator": "Creador",
    "API": "API de Kahoot",
    "How": "Cómo funciona",
    "Blog": "Blog",
    "AppDownload": "Descarga de la aplicación",
    "LeavePrompt": "¿Estás seguro de que quieres salir de la página?",
    "YoureIn": "¡Estas en!",
    "YoureIn2": "¿Ves tu apodo en la pantalla?",
    "EnterQuizName": "Ingrese el nombre de la prueba",
    "Question": "Pregunta",
    "Ready": "Listo...",
    "Of": "de",
    "Go": "¡Vamos!",
    "Set": "Listos.",
    "Ready2": "¡Listo!",
    "Waiting": "Esperando...",
    "CorrectAnswers": "Respuestas correctas",
    "DoFail": "Falla",
    "NoFail": "No falles",
    "GetReady": "¡Prepararse!",
    "Loading": "Cargando...",
    "Breather": "Buscar",
    "Breather2": "¡No es necesario que respondas esta vez!",
    "Correct": "Correcto",
    "Incorrect": "Incorrecto",
    "YouIn": "Estás dentro",
    "Place": "lugar",
    "KeepTrying": "¡Sigue intentándolo!",
    "AnswerStreak": "Racha de respuestas",
    "AnswerStreakLost": "Racha de respuestas perdida",
    "Top5": "¡Los 5 primeros!",
    "Almost": "¡Casi lo tengo!",
    "GG": "¡Buen juego!",
    "RestoredPreset": "Preajuste restaurado",
    "Theme": "Tema",
    "Timeout": "El descanso",
    "Team": "Equipo",
    "Fail": "Fallar",
    "Loose": "Suelto",
    "Brute": "Bruto",
    "Manual": "Manual",
    "Preview": "Avance",
    "ON": "ENCENDIDO",
    "OFF": "APAGADO",
    "Restore": "Restaurar",
    "Brute2FA": "Fuerza bruta 2FA",
    "PurposelyFail": "Fracasar a propósito",
    "ManualControl": "Control manual",
    "HideCorrect": "Ocultar correcto",
    "ChallengeCorrect": "Desafío siempre correcto",
    "PreviewQuestion": "Pregunta de vista previa",
    "ChallengeAuto": "Reproducción automática de desafíos",
    "LooseSearch": "Búsqueda suelta",
    "NoResult": "No hay resultados.",
    "QuizTitle": "Título de la prueba",
    "QuizAuthor": "Creador de cuestionarios",
    "NumQuestion": "# de preguntas",
    "GameOver": "Juego terminado",
    "TimeUp": "Se acabó el tiempo",
    "WeBelieve": "Nosotros creemos en ti",
    "TeamTalka": "Charla de equipo",
    "Discuss": "¡Discuta la respuesta!",
    "HowRate": "¿Cómo calificas este Kahoot?",
    "HowFeel": "Para continuar, cuéntanos como te sientes",
    "DidLearn": "¿Aprendiste algo?",
    "DoRecommend": "¿Lo recomiendas?",

    "//4": "tutorial.js",

    "Tut1": "¡Hola! Parece que eres nuevo aquí. ¿Quieres un tutorial?",
    "Tut2": "Nota: en realidad, no realice ninguna acción en este tutorial. Simplemente presione \"Siguiente\" y \"Listo\".",
    "Tut2a": "Unirse a un juego: PIN",
    "Tut2b": "Para unirse al juego, primero ingrese el pin del juego.",
    "Tut2c": "Los pines válidos del juego incluyen:",
    "Tut2d": "Pines de juego en vivo",
    "Tut2e": "Pines de juego de desafío",
    "Tut2f": "Enlaces de juegos de desafío",
    "Tut2g": "Juegos de desafíos especiales",
    "Tut3": "Unirse a un juego: Nombre",
    "Tut3a": "Luego, ingrese un nombre. También puede presionar el botón \"Nombre aleatorio\".",
    "Tut3b": "Cuando esté listo, presione \"¡OK ve!\"",
    "Tut4": "En el juego: proporcionar el nombre de la prueba",
    "Tut4a": "Cuando te unas al juego, es posible que veas la entrada anterior. Esta entrada es donde debe colocar el nombre de la prueba o la identificación de la prueba.",
    "Tut4b": "No es necesario que el nombre de la prueba sea exacto. Si conoce el tema general del cuestionario, puede intentar ponerlo como \"nombre del cuestionario\"",
    "Tut4c": "Cómo obtener el nombre / identificación de la prueba:",
    "Tut4d": "El nombre de la prueba aparece en la pantalla del anfitrión antes de que se cargue la prueba (la página de inicio) y durante unos segundos al comienzo de la prueba.",
    "Tut4e": "La identificación de la prueba se encuentra en la URL de la pantalla del anfitrión. Es la cadena larga que sigue",
    "Tut5": "En el juego: proporcionar el nombre de la prueba",
    "Tut5a": "Esta entrada seguirá estando en la parte superior hasta que se encuentre una prueba.",
    "Tut5b": "Si no proporciona un nombre o identificación de prueba, Kahoot Winner utilizará una gran lista de más de 50.000 pruebas para intentar encontrar su prueba. Es probable que esto solo funcione en cuestionarios muy populares.",
    "Tut6": "Responder: descripción básica",
    "Tut6a": "De forma predeterminada, Kahoot Winner simplemente responderá automáticamente a la pregunta utilizando la mejor respuesta.",
    "Tut6b": "Si desea responder la pregunta usted mismo, habilite el control manual en la configuración.",
    "Tut7": "Respondiendo: Información",
    "Tut7a": "Como se ve a continuación, las respuestas correctas tendrán un borde de arco iris alrededor. Además, el texto de cada opción se enumera encima de cada opción.",
    "Tut7b": "Cuando la elección usa una imagen, la imagen reemplazará la forma.",
    "Tut8": "Configuración: Opciones de búsqueda",
    "Tut8a": "Las opciones de búsqueda controlan cómo el servidor encuentra su cuestionario.",
    "Tut8b": "Autor de la prueba: especifica el creador para filtrar las pruebas.",
    "Tut8c": "UUID de prueba: especifica la identificación de prueba que se utilizará. También puede buscar directamente un cuestionario en el área de configuración secundaria.",
    "Tut8d": "Término de búsqueda: especifica el nombre / las palabras clave de la prueba para buscar pruebas",
    "Tut8e": "Conjetura actual: este botón muestra la prueba actual que Kahoot Winner está usando. Puede bloquearlo presionando el bloqueo.",
    "Tut9": "Configuración: Opciones de juego",
    "Tut9a": "Las opciones de juego controlan cómo Kahoot Winner interactúa con el juego.",
    "Tut9b": "Tiempo de espera de respuesta: retrasa el tiempo de respuesta del servidor, lo que le permite sospechar menos.",
    "Tut9c": "Miembros del equipo: personaliza a los miembros de tu equipo en modo equipo",
    "Tut9d": "Fallar a propósito: falla la pregunta a propósito",
    "Tut9e": "Buscar libremente: se utiliza cuando el orden de las preguntas es aleatorio. Requiere la entrada del usuario para seleccionar la pregunta correcta.",
    "Tut9f": "Omitir 2FA: se usa para omitir el paso de dos factores si está habilitado",
    "Tut9g": "Control manual: le permite responder preguntas en lugar del servidor",
    "Tut9h": "Omitir conversación en equipo: le permite responder durante el tiempo de conversación en equipo",
    "Tut9i": "Vista previa de la pregunta: le permite ver las preguntas / respuestas que surgen",
    "Tut9j": "Hide Correct: se usa para hacer que Kahoot Winner parezca un Kahoot normal al responder.",
    "Tut10": "Configuración: Opciones de desafío",
    "Tut10a": "Nota: estas opciones no tienen ningún efecto en <b>JUEGOS EN VIVO</b>.",
    "Tut10b": "Puntos: le permite personalizar la cantidad de puntos / pregunta en una pregunta de desafío.",
    "Tut10c": "Siempre correcto: hace que todas sus respuestas sean correctas, incluso si intencionalmente lo estableció como incorrecto.",
    "Tut10d": "Habilitar puntos de racha: utiliza rayas al calcular puntos",
    "Tut10e": "Desactivar el temporizador de preguntas: puede esperar mientras responde preguntas sin preocuparse por el temporizador.",
    "Tut11": "Configuración: Más información",
    "Tut11a": "Si necesita más explicaciones, abra la configuración y presione \"?\" Junto a cada opción.",
    "Tut12": "¡No funciona!",
    "Tut12a": "Por lo general, cuando Kahoot Winner no funciona, es uno de los siguientes problemas:",
    "Tut12b": "El cuestionario es privado.",
    "Tut12c": "No hay solución para esto. Kahoot Winner no funcionará en juegos privados en vivo.",
    "Tut12d": "No proporcionaste el nombre de la prueba",
    "Tut12e": "Si bien Kahoot Winner almacena en caché muchos cuestionarios, hay muchos más que no están en la base de datos. Proporcione el nombre del cuestionario para asegurarse de que Kahoot Winner pueda encontrarlo.",
    "Tut12f": "El cuestionario no es popular",
    "Tut12g": "Si su cuestionario tiene un nombre común y no es popular, es posible que esté demasiado abajo en la lista de Kahoots para que Kahoot Winner pueda encontrarlo.",
    "Tut12h": "Las preguntas son aleatorias",
    "Tut12i": "Si las preguntas son aleatorias, habilite <code>Buscar libremente</code> y escriba la pregunta cuando comience.",
    "Tut12j": "Las respuestas son aleatorias",
    "Tut12k": "Si las respuestas son aleatorias, habilite <code>Control manual</code> y responda la pregunta correctamente.",
    "TutYes": "¡Sí por favor!",
    "TutClose": "Si alguna vez me necesitas de nuevo, haz clic en el botón de tutorial en la sección \\\\'acerca de\\\\'.",
    "TutNo": "No gracias.",
    "Done": "Hecho",
    "GotIt": "Entendido.",
    "TutComplete": "Tutorial terminado! ¡Camino a seguir!",
    "Notice1": "Noticia importante",
    "Notice2": "Kahoot ya no envía el nombre del cuestionario al cliente.",
    "Notice3": "¿Qué significa esto?",
    "Notice4": "Ahora debe ingresar el nombre de la prueba usted mismo. Puede tener suerte si el cuestionario es muy popular, ya que ahora almacenamos cuestionarios de Kahoot que se han jugado en la base de datos.",
    "Notice5": "Puede poner el nombre de la prueba en la entrada en la parte superior:",

    "//5": "index.css",

    "Close": "Cerca",
    "Open": "Abierto"
  },
  "zh": {

    "//1": "index.html",

    "AboutQuestion6": "清除缓存教程",
    "PanicLabel": "关于恐慌模式",
    "AboutDisclaimer": "免责声明：对于因使用此工具作弊而造成的任何惩罚，我不承担任何责任。 该工具主要用于娱乐目的。",
    "DisableTimer": "禁用问题计时器",
    "DisableTimer2": "<code>禁用问题计时器</code>设置使您可以回答挑战性问题，而不必担心计时器。",
    "DisableTimer3": "这对<b>在线游戏</b>没有效果</b>",
    "ReZero": "回复：零",
    "FRANXX": "亲爱的FRANXX",
    "EnableStreak": "启用条纹点",
    "EnableStreak2": "<code>启用条纹点</code>设置可为挑战游戏启用答案连胜点。",
    "EnableStreak3": "默认情况下，它是禁用的，这意味着您将获得正常的1000分以获得快速正确的答案。 启用后，第二个问题更正会额外增加100分，依此类推，最高为500分。这对实时测验没有影响。",
    "CurrentGuess": "当前猜测",
    "TeamTalk": "跳过团队谈话",
    "TeamTalk1": "<code>跳过团队谈话</code>选项可让您在团队交谈中进行回答。",
    "Search": "搜索",
    "Game": "游戏",
    "Challenge": "挑战",
    "SearchOpts": "搜索选项",
    "QuizAuthora": "测验作者",
    "QuizAuthor2": "<code>测验作者</code>设置通过提供测验的创建者来帮助服务器找到测验。",
    "QuizAuthor3": "如果您认识测验作者，则在此处输入他们的名字会很有帮助。",
    "QuizID": "测验UUID",
    "QuizID1": "<code>测验UUID</code>设置指定您正在玩的测验。",
    "QuizID2": "如果您知道测验的确切URL或ID，则可以在此处使用它来告诉服务器要使用的测验。",
    "QuizID3": "例如，对于url",
    "QuizID4": "你会输入",
    "QuizSearch": "测验搜寻",
    "QuizSearch1": "将您的搜索放在下面，然后按“ Enter”或“ Return”。",
    "QuizSearch2": "输入搜索字词，然后按“ Enter”",
    "SearchTerm": "搜索词",
    "SearchTerm1": "<code>搜索词</code>设置指定用于查找测验的搜索词。",
    "SearchTerm2": "从2.17.0+开始，现在可以使用它来查找测验，如果要使用它来作弊，则必须使用它。",
    "GameOpts": "游戏选项",
    "AnswerTimeout": "应答超时",
    "SubSetting": "子设定",
    "AnswerTimeout1": "通过使用这些设置，您将覆盖超时设置。",
    "AnswerTimeout2": "积分/问题",
    "AnswerTimeout3": "这将根据剩余时间设置每个问题的超时时间（不包括答案连胜）。",
    "AnswerTimeout4": "自定义总积分",
    "AnswerTimeout5": "这将设置每个问题的超时时间，以获得特定的总价值。",
    "AnswerTimeout6": "此设置可能无法使用，因为它使用的公式非常简单，并不完美。",
    "AnswerTimeout7": "<code>应答超时</code>设置允许您将回答问题的时间延迟指定的秒数。",
    "AnswerTimeout8": "有效设置为",
    "AnswerTimeout9": "通过设置一个负数，答案超时与该数字相差一秒",
    "AnswerTimeout10": "要自定义变体，请使用范围：",
    "TeamMembers": "团队成员",
    "TeamMembers1": "<code>团队成员</code>设置指定团队模式游戏中使用的团队成员名称。",
    "TeamMembers2": "输入团队成员用逗号分隔。 团队成员默认为",
    "FailPurp": "故意失败",
    "Off": "关",
    "AskFail": "要求失败",
    "FailOne": "一次失败",
    "Shortcut": "捷径：",
    "FailPurp1": "<code>故意失败</code>设置使服务器可以随机回答问题。",
    "FailPurp2": "将选项设置为<code>要求失败</code>将在每个问题的屏幕底部放置一个按钮，询问是否使问题失败。 如果您不选择失败，它不会失败。",
    "On": "开",
    "On2": "开启，等待确认",
    "SearchLoose": "松散搜索",
    "SearchLoose1": "<code>宽松搜索</code>设置允许您播放随机排列问题顺序的测验。",
    "SearchLoose2": "在每个问题之前，必须输入问题文本并选择要使用的问题。 问题开始时将使用所选问题。",
    "SearchLoose3": "如果问题开始得太快，则可以使用<code>上，等待确认</code>输入问题，然后在准备就绪时按“ Ready ”按钮。",
    "SearchLoose4": "根据先前的答案和问题类型过滤掉问题，以帮助您更快地找到正确的问题。",
    "Bypass2FA": "绕过2FA",
    "Bypass2FA1": "通过<code>旁路2FA</code>设置，您无需输入4个模式代码即可加入具有两因素身份验证的游戏。",
    "Bypass2FA2": "启用两个因素后，可能需要几秒钟才能进入游戏。",
    "Bypass2FA3": "禁用此选项后，您将被转到一个屏幕，以自行输入两个因素的模式。",
    "ManualControl1": "<code>手动</code>设置允许您回答服务器的问题。",
    "ManualControl2": "这使您可以控制失败，计时等。如果您发现服务器找不到测验，则应使用此设置。 这样，您可以正常回答问题，而不必随机猜测。",
    "PreviewQuestion1": "<code>预览问题</code>设置可让您在问题开始之前查看问题和答案。",
    "PreviewQuestion2": "其他设置（例如<code>宽松搜索</code>）可能会覆盖此设置。 另外，启用<code>隐藏正确</code>（隐藏正确）后，答案将不会显示。",
    "HideCorrect1": "<code>隐藏正确</code>设置隐藏正确的答案，使页面看起来更像Kahoot!。",
    "HideCorrect2": "此设置会影响<code>预览问题</code>。 仅当您想隐藏自己正在使用Kahoot Winner或比Kahoot更喜欢此网站的UI时，才使用此选项。",
    "HideCorrect3": "当您输入<b> Panic模式</b>时，也会启用此设置。 要启用紧急模式，<span class=\"mobihide\">做<code> ctrl + j </code>或</span>双击设置齿轮按钮。",
    "HideCorrect4": "紧急模式隐藏设置菜单，启用<code>手动</code>和<code>隐藏正确</code>。",
    "ChallengeOpts": "挑战选项",
    "Points": "点数",
    "Points1": "<code>点数</code>设置指定Kahoot <strong>挑战</strong>上每个正确答案的得分数。 它在<b>实时游戏</b>中没有<b>没有影响</b>",
    "Points2": "根据测试，最大工作值为<code> 1,500 </code>。 任何更高的数字都会中断，并导致挑战主机的结果为<code> 0 </code>。",
    "AlwaysCorrect": "挑战始终正确按",
    "AlwaysCorrect1": "<code>挑战永远正确</code>（始终正确）</code>设置是一个可选设置，即使不正确，它也会强制Kahoot <strong>挑战</strong>问题正确。 这对<b>在线游戏</b>没有影响",
    "AlwaysCorrect2": "默认情况下，该机器人会正确回答所有挑战问题，因此您无需使用此问题，但是您可以通过启用此功能和手动控制并选择错误的选项来混淆Kahoot挑战主机，但仍然会获得满分 。",
    "DisableAuto": "禁用自动播放",
    "DisableAuto1": "<code>禁用自动播放</code>设置可让您在回答Kahoot <strong>挑战</strong>问题后等待。 它在<b>在线游戏</b>上没有<b>没有影响</b>。",
    "DisableAuto2": "要继续下一个问题，请按<b>下一步</b>按钮。",
    "SaveNew": "保存新预设",
    "Add": "加",
    "Presets": "预设值",
    "AboutAnswer1a": "您尚未输入测验名称或搜索词。",
    "AboutAnswer1b": "请在顶部输入或设置中输入名称。",
    "AboutAnswer1c": "Kahoot最近删除了发送给客户端的测验名称，这意味着您需要自己查找测验。",
    "AboutAnswer1d": "测验不是公开的。",
    "AboutAnswer1e": "测验有随机问题.",
    "Description": "赢得公开Kahoot测验和挑战的骇客。 输入您的PIN或挑战URL，输入测验的名称，然后继续！ 服务器将尝试为您找到答案！ 最好的，积极维护的Kahoot机器人之一，于2020年投入使用！",
    "Description2": "赢得您所有的Kahoot游戏！",
    "Description3": "Theusaf制作的Kahoot WINNING网站。 目的是让用户赢得游戏而不会破坏他人的乐趣！",
    "Title": "Kahoot冠军| @theusaf制作的Bot",
    "ChallengeNext": "下一个",
    "AboutTitle": "关于这个网站",
    "AboutDescription1": "该网站是一个kahoot机器人/黑客程序，目的只是为了赢得游戏。 它会在您的游戏中召唤一个机器人，该机器人使用复杂的技巧来找到您正在玩的游戏并为您解答。 您可以使用菜单（esc）设置更多选项，以帮助其找到测验！ 我也很确定它到2020年9月目前正在运行。",
    "AboutDescription2": "用户theusaf创建了此网站，以便他可以轻松找到测验的答案并获胜",
    "AboutDescription3": "随着时间的流逝，该网站获得了许多功能和改进，包括随机名称，改进的测验搜索甚至为其他玩家提供答案。",
    "AboutDescription4": "这个网站很棒，因为您不会通过向数百个机器人发送垃圾邮件来破坏游戏，而是发送一个疯狂的机器人来宣称胜利。 它还可以应对Kahoot挑战。 该网站由Heroku经营，因此也不太可能关闭。 我也积极维护我的程序，因此，如果有问题，可以快速解决。",
    "AboutDescription5": "该网站还支持玩Kahoot挑战赛。 只要输入挑战的PIN或URL即可获胜！",
    "AboutHeader1": "为什么使用这个网站？",
    "AboutQuestion1": "为什么找不到测验？",
    "AboutAnswer1": "有很多解决此问题的方法:",
    "AboutQuestion2": "它无法正常工作/无法连接。",
    "AboutAnswer2": "T这个网站的流量很大，因此当参加过多的测验时，Kahoot可以将其检测为机器人。",
    "AboutAnswer2a": "如果您使用台式机或笔记本电脑，则可以下载我们的网络/电子应用程序，然后在自己的计算机上运行。",
    "AboutAnswer2b": "如果您在移动设备上，对不起。",
    "AboutQuestion3": "我可以用作别针吗？",
    "AboutAnswer3": "您可以使用多种非数字引脚：",
    "AboutQuestion4": "选项和用法列表",
    "AboutAnswer4": "此列表已在2.19.0中删除。 请使用每个设置旁边的（？）按钮进行详细说明。",
    "AboutQuestion5": "某些设置旁边的小齿轮按钮是什么？",
    "AboutAnswer5": "设置中的小齿轮是“子设置”，可以对选项进行更多控制并解锁其他功能。",
    "Tutorial": "讲解",
    "Donate": "捐款",

    "//2": "index.js",

    "ServerOverloaded": "服务器超载！ 使用新服务器：",
    "InvalidInput": "无效的用户输入",
    "InvalidPIN": "PIN码无效",
    "MaxIP": "您的IP地址当前连接了太多会话/标签。",
    "MaxIP2": "会话过多。 请稍候。",
    "ConnectFail": "连接失败",
    "InvalidName": "名称无效。",
    "NoReconnect": "您还不能这样做； 您尚未加入游戏。",
    "EmptyName": "没有提供测验名称。 在提供此信息之前，服务器不会搜索。",
    "Handshake": "与Kahoot服务器的连接被阻止。",
    "Handshake1": "嗯，我们似乎在遇到麻烦。 尝试<span class=\"mobihide\">下载我们的应用程序或</span>按下下面的报告按钮！",
    "DownloadApp": "下载应用程式",
    "IssueReported": "已报告问题。",
    "IssueReported2": "此按钮可能会减少重置服务器的时间。",
    "IssueReported3": "报告问题",
    "QuizEnd": "测验结束或被踢。",
    "Restored": "恢复的选项！",
    "UpdateAvailable": "有新的更新。",
    "UpdateAvailable2": "您要现在更新吗？",
    "UpdateAvailable3": "如果此消息持续出现，请尝试刷新页面或清除缓存。",
    "Yes": "是",
    "NotYet": "还没",
    "UpdateAvailable4": "禁用更新通知",
    "UpdateAvailable5": "请稍候...",
    "UpdateAvailable6": "强制更新时出错。 请手动清除或重新加载页面缓存。",

    "//3": "UI.js",

    "JoinSoon": "您很快就能加入",
    "InvalidUUID": "提供的测验ID无效或属于私人测验",
    "TypeQuiz": "测验",
    "TypeOpenEnded": "输入答案",
    "TypeSurvey": "轮询",
    "TypeJumble": "难题",
    "TypeWordCloud": "词云",
    "TypeTrueFalse": "对或错",
    "TypeContent": "幻灯片放映",
    "TypeBrainstorm": "头脑风暴",
    "DidWellShareWithFriends": "享受Kahoot赢家吗？🔥与您的朋友分享此网站并赢取更多Kahoot！",
    "ActualGame": "Kahoot测验",
    "GuessGame": "猜测验",
    "NoFind": "（未找到）",
    "Nickname": "昵称",
    "GamePIN": "游戏密码",
    "OK": "好，出发！",
    "Enter": "输入",
    "GetRandom": "获取随机名称",
    "Trademark": "Kahoot！ 和K！ 徽标是Kahoot！的商标！ AS。",
    "Privacy": "隐私",
    "Terms": "条款",
    "Creator": "创作者",
    "API": "Kahoot API",
    "How": "这是怎么运作的？",
    "Blog": "博客",
    "AppDownload": "应用下载",
    "LeavePrompt": "您确定要离开页面吗？",
    "YoureIn": "你在！",
    "YoureIn2": "在屏幕上看到您的昵称？",
    "EnterQuizName": "输入测验名称",
    "Question": "题",
    "Ready": "准备",
    "Of": "的",
    "Go": "走！",
    "Set": "组。",
    "Ready2": "准备",
    "Waiting": "等候…",
    "CorrectAnswers": "正确答案",
    "DoFail": "失败了",
    "NoFail": "不要失败",
    "GetReady": "做好准备！",
    "Loading": "载入中...",
    "Breather": "抬头",
    "Breather2": "这次无需回答！",
    "Correct": "正确",
    "Incorrect": "不正确的",
    "YouIn": "你在",
    "Place": "秩",
    "KeepTrying": "继续尝试！",
    "AnswerStreak": "连胜",
    "AnswerStreakLost": "答案消失",
    "Top5": "前5！",
    "Almost": "差不多了！",
    "GG": "好游戏！",
    "RestoredPreset": "恢复预设",
    "Theme": "主题",
    "Timeout": "超时",
    "Team": "球队",
    "Fail": "失败",
    "Loose": "疏松",
    "Brute": "蛮力",
    "Manual": "手册",
    "Preview": "预习",
    "ON": "开",
    "OFF": "关",
    "Restore": "恢复",
    "Brute2FA": "绕过2FA",
    "PurposelyFail": "故意失败",
    "ManualControl": "手动控制",
    "HideCorrect": "隐藏正确的",
    "ChallengeCorrect": "挑战永远正确",
    "PreviewQuestion": "预览问题",
    "ChallengeAuto": "挑战自动游戏",
    "LooseSearch": "松散搜索",
    "NoResult": "没有结果。",
    "QuizTitle": "测验标题",
    "QuizAuthor": "测验创作者",
    "NumQuestion": "问题数",
    "GameOver": "游戏结束",
    "TimeUp": "时间到",
    "WeBelieve": "我们信任你！",
    "TeamTalka": "团队谈话",
    "Discuss": "讨论答案！",
    "HowRate": "您如何评价这个kahoot？",
    "HowFeel": "要继续，请告诉我们您的感受",
    "DidLearn": "你学到了什么吗？",
    "DoRecommend": "你会推荐吗？",

    "//4": "tutorial.js",

    "Tut1": "嘿！ 看来您是新来的。 您要教程吗？",
    "Tut2": "注意：在本教程中实际上不要执行任何操作。 只需按“下一步”和“完成”。",
    "Tut2a": "加入游戏：PIN",
    "Tut2b": "要加入游戏，请首先输入游戏密码。",
    "Tut2c": "有效的游戏密码包括：",
    "Tut2d": "现场游戏图钉",
    "Tut2e": "挑战游戏图钉",
    "Tut2f": "挑战游戏链接",
    "Tut2g": "特别挑战赛",
    "Tut3": "加入游戏：姓名",
    "Tut3a": "接下来，输入名称。 您也可以按“随机名称”按钮。",
    "Tut3b": "准备好后，按“好，出发”",
    "Tut4": "游戏中：提供测验名称",
    "Tut4a": "加入游戏后，您可能会看到上面的输入。 在此输入中，应放置测验名称或测验ID。",
    "Tut4b": "测验名称不必精确。 如果您知道测验的一般主题，则可以尝试将其作为“测验名称”",
    "Tut4c": "如何获得测验名称/编号：",
    "Tut4d": "测验名称在载入测验之前（启动页面）出现在主机的屏幕上，并在测验开始时显示几秒钟。",
    "Tut4e": "测验ID位于主持人屏幕的网址中。 它是紧随其后的长字符串",
    "Tut5": "游戏中：提供测验名称",
    "Tut5a": "此输入将继续保持顶部，直到找到测验。",
    "Tut5b": "如果您不提供测验名称或ID，Kahoot Winner将使用超过50,000个测验的大型列表来尝试找到您的测验。 这可能仅适用于非常流行的测验。",
    "Tut6": "回答：基本概述",
    "Tut6a": "默认情况下，Kahoot Winner会自动使用最佳答案来回答问题。",
    "Tut6b": "如果您想自己回答问题，请在设置中启用手动控制。",
    "Tut7": "回答：信息",
    "Tut7a": "如下所示，正确的答案周围会有彩虹边框。 此外，每个选项的文本都列在每个选项上方。",
    "Tut7b": "当选择使用一个图像时，图像将替换的形状。",
    "Tut8": "设置：搜索选项",
    "Tut8a": "搜索选项控制服务器如何找到您的测验。",
    "Tut8b": "测验作者-指定创建者以过滤测验",
    "Tut8c": "测验UUID-指定要使用的测验ID。 您也可以在子设置区域中直接搜索测验。",
    "Tut8d": "搜索词-指定测验名称/关键字以搜索测验",
    "Tut8e": "当前猜测-此按钮显示Kahoot Winner当前正在使用的测验。 您可以通过按锁将其锁定。",
    "Tut9": "设置：游戏选项",
    "Tut9a": "游戏选项控制Kahoot Winner与游戏互动的方式。",
    "Tut9b": "应答超时-延迟服务器的应答时间，以减少您的怀疑。",
    "Tut9c": "团队成员-在团队模式下自定义您的团队成员",
    "Tut9d": "故意失败-故意失败问题",
    "Tut9e": "松散搜索-当问题顺序随机化时使用。 需要用户输入才能选择正确的问题。",
    "Tut9f": "旁路2FA-如果启用，则跳过两个因素的步骤",
    "Tut9g": "手动控制-允许您回答问题而不是服务器",
    "Tut9h": "跳过团队交谈-允许您在团队交谈期间进行回答",
    "Tut9i": "预览问题-允许您查看即将出现的问题",
    "Tut9j": "隐藏正确-用来使Kahoot Winner在回答时看起来像普通的Kahoot。",
    "Tut10": "设置：挑战选项",
    "Tut10a": "注意：这些选项对<b>现场游戏</b>不起作用",
    "Tut10b": "积分-允许您自定义挑战问题中的积分/问题数量。",
    "Tut10c": "始终正确-使所有答案正确，即使您故意将其设置为错误。",
    "Tut10d": "启用条纹点-计算点时使用条纹",
    "Tut10e": "禁用问题计时器-您可以等待回答问题而不必担心计时器。",
    "Tut11": "设置：更多信息",
    "Tut11a": "如果需要更多说明，请打开设置，然后按每个选项旁边的“？”。",
    "Tut12": "没用！",
    "Tut12a": "通常，当Kahoot Winner无法正常工作时，它是以下问题之一：",
    "Tut12b": "测验是私人的。",
    "Tut12c": "没有解决方法。 Kahoot Winner不适用于私人现场游戏。",
    "Tut12d": "您未提供测验名称",
    "Tut12e": "尽管Kahoot Winner缓存了很多测验，但数据库中还有很多测验。 提供测验名称，以确保Kahoot Winner能够找到它。",
    "Tut12f": "测验不受欢迎",
    "Tut12g": "如果您的测验有一个通用名称并且不受欢迎，那么它在Kahoots列表中可能就太远了，Kahoot Winner找不到它。",
    "Tut12h": "问题是随机的",
    "Tut12i": "如果问题是随机的，请启用<code>宽松搜索</code>并在问题开始时键入问题",
    "Tut12j": "答案是随机的",
    "Tut12k": "如果答案是随机的，请启用<code>手动</code>并正确回答问题。",
    "TutYes": "是的，请！",
    "TutClose": "如果您再次需要我，请单击“关于”部分中的教程按钮！",
    "TutNo": "不，谢谢。",
    "Done": "完成",
    "GotIt": "得到它了。",
    "TutComplete": "完成教程！ 要走的路！",
    "Notice1": "重要通知",
    "Notice2": "Kahoot不再将测验名称发送给客户端。",
    "Notice3": "这是什么意思？",
    "Notice4": "现在，您需要自己输入测验名称。 如果测验非常受欢迎，您可能会很幸运，因为我们现在将已播放的Kahoot测验存储在数据库中。",
    "Notice5": "您可以将测验名称放在顶部的输入中：",

    "//5": "index.css",

    "Close": "关",
    "Open": "打开"
  },
  "sga": {
    "Description": "ᔑ ⍑ᔑᓵꖌ ⎓𝙹∷ ∴╎リリ╎リ⊣ !¡⚍ʖꖎ╎ᓵ kᔑ⍑𝙹𝙹ℸ ̣  ᑑ⚍╎⨅⨅ᒷᓭ ᔑリ↸ ᓵ⍑ᔑꖎꖎᒷリ⊣ᒷᓭ. Eリℸ ̣ ᒷ∷ ||𝙹⚍∷ pin 𝙹∷ c⍑ᔑꖎꖎᒷリ⊣ᒷ url, ᒷリℸ ̣ ᒷ∷ ℸ ̣ ⍑ᒷ リᔑᒲᒷ 𝙹⎓ ℸ ̣ ⍑ᒷ ᑑ⚍╎⨅, ᔑリ↸ ⊣𝙹! t⍑ᒷ ᓭᒷ∷⍊ᒷ∷ ∴╎ꖎꖎ ℸ ̣ ∷|| ℸ ̣ 𝙹 ⎓╎リ↸ ℸ ̣ ⍑ᒷ ᔑリᓭ∴ᒷ∷ᓭ ⎓𝙹∷ ||𝙹⚍! oリᒷ 𝙹⎓ ℸ ̣ ⍑ᒷ ʖᒷᓭℸ ̣  ᔑリ↸ ᔑᓵℸ ̣ ╎⍊ᒷꖎ|| ᒲᔑ╎リℸ ̣ ᔑ╎リᒷ↸ kᔑ⍑𝙹𝙹ℸ ̣  ʖ𝙹ℸ ̣ ᓭ 𝙹リꖎ╎リᒷ, ∴𝙹∷ꖌ╎リ⊣ 2020!\"><style>@font-face{font-family:sga;src:url(/resource/misc/SGARounded.ttf)}html,body{font-family: \"sga\", sans-serif !important;}</style><meta foo=\"",
    "Title": "ꖌᔑ⍑𝙹𝙹ℸ ̣  w╎リリᒷ∷",
    "Description2": "∴╎リ ᔑꖎꖎ ||𝙹⚍∷ ꖌᔑ⍑𝙹𝙹ℸ ̣  ⊣ᔑᒲᒷᓭ!",
    "Description3": "ᔑ ꖌᔑ⍑𝙹𝙹ℸ ̣  ∴╎リリ╎リ⊣ ∴ᒷʖᓭ╎ℸ ̣ ᒷ, ᒲᔑ↸ᒷ ʖ|| ℸ ̣ ⍑ᒷ⚍ᓭᔑ⎓. Iℸ ̣ 'ᓭ ╎リℸ ̣ ᒷリℸ ̣ ╎𝙹リ ╎ᓭ ℸ ̣ 𝙹 ꖎᒷℸ ̣  ⚍ᓭᒷ∷ᓭ ∴╎リ ⊣ᔑᒲᒷᓭ ∴╎ℸ ̣ ⍑𝙹⚍ℸ ̣  ∷⚍╎リ╎リ⊣ ℸ ̣ ⍑ᒷ ⎓⚍リ ⎓𝙹∷ 𝙹ℸ ̣ ⍑ᒷ∷ᓭ!"
  }
}
